{
  "hash": "63a5c481",
  "configHash": "d06b5e4c",
  "lockfileHash": "50c18078",
  "browserHash": "f530c6a1",
  "optimized": {
    "@angular/common": {
      "src": "../../../../../../node_modules/@angular/common/fesm2022/common.mjs",
      "file": "@angular_common.js",
      "fileHash": "8f365d53",
      "needsInterop": false
    },
    "@angular/common/http": {
      "src": "../../../../../../node_modules/@angular/common/fesm2022/http.mjs",
      "file": "@angular_common_http.js",
      "fileHash": "c03bf511",
      "needsInterop": false
    },
    "@angular/core": {
      "src": "../../../../../../node_modules/@angular/core/fesm2022/core.mjs",
      "file": "@angular_core.js",
      "fileHash": "b86adcbb",
      "needsInterop": false
    },
    "@angular/fire/app": {
      "src": "../../../../../../node_modules/@angular/fire/fesm2022/angular-fire-app.mjs",
      "file": "@angular_fire_app.js",
      "fileHash": "ff1fe330",
      "needsInterop": false
    },
    "@angular/fire/auth": {
      "src": "../../../../../../node_modules/@angular/fire/fesm2022/angular-fire-auth.mjs",
      "file": "@angular_fire_auth.js",
      "fileHash": "ae7a2029",
      "needsInterop": false
    },
    "@angular/fire/firestore": {
      "src": "../../../../../../node_modules/@angular/fire/fesm2022/angular-fire-firestore.mjs",
      "file": "@angular_fire_firestore.js",
      "fileHash": "6d5fb5a7",
      "needsInterop": false
    },
    "@angular/forms": {
      "src": "../../../../../../node_modules/@angular/forms/fesm2022/forms.mjs",
      "file": "@angular_forms.js",
      "fileHash": "a585d519",
      "needsInterop": false
    },
    "@angular/platform-browser": {
      "src": "../../../../../../node_modules/@angular/platform-browser/fesm2022/platform-browser.mjs",
      "file": "@angular_platform-browser.js",
      "fileHash": "c26b6d3c",
      "needsInterop": false
    },
    "@angular/router": {
      "src": "../../../../../../node_modules/@angular/router/fesm2022/router.mjs",
      "file": "@angular_router.js",
      "fileHash": "0fc8d5f7",
      "needsInterop": false
    },
    "@ionic/angular": {
      "src": "../../../../../../node_modules/@ionic/angular/fesm2022/ionic-angular.mjs",
      "file": "@ionic_angular.js",
      "fileHash": "0a8d29b4",
      "needsInterop": false
    },
    "@ionic/angular/standalone": {
      "src": "../../../../../../node_modules/@ionic/angular/fesm2022/ionic-angular-standalone.mjs",
      "file": "@ionic_angular_standalone.js",
      "fileHash": "5f06886a",
      "needsInterop": false
    },
    "@ionic/storage-angular": {
      "src": "../../../../../../node_modules/@ionic/storage-angular/fesm2020/ionic-storage-angular.mjs",
      "file": "@ionic_storage-angular.js",
      "fileHash": "a1a4a8c3",
      "needsInterop": false
    },
    "@ngx-translate/core": {
      "src": "../../../../../../node_modules/@ngx-translate/core/fesm2022/ngx-translate-core.mjs",
      "file": "@ngx-translate_core.js",
      "fileHash": "8eed354b",
      "needsInterop": false
    },
    "@ngx-translate/http-loader": {
      "src": "../../../../../../node_modules/@ngx-translate/http-loader/fesm2022/ngx-translate-http-loader.mjs",
      "file": "@ngx-translate_http-loader.js",
      "fileHash": "f0721156",
      "needsInterop": false
    },
    "ionicons": {
      "src": "../../../../../../node_modules/ionicons/dist/index.js",
      "file": "ionicons.js",
      "fileHash": "62d932d5",
      "needsInterop": false
    },
    "ionicons/icons": {
      "src": "../../../../../../node_modules/ionicons/icons/index.mjs",
      "file": "ionicons_icons.js",
      "fileHash": "2b68a7e1",
      "needsInterop": false
    },
    "leaflet": {
      "src": "../../../../../../node_modules/leaflet/dist/leaflet-src.js",
      "file": "leaflet.js",
      "fileHash": "114d15d3",
      "needsInterop": true
    },
    "rxjs": {
      "src": "../../../../../../node_modules/rxjs/dist/esm5/index.js",
      "file": "rxjs.js",
      "fileHash": "4766e5ce",
      "needsInterop": false
    }
  },
  "chunks": {
    "focus-visible-MHT2QU3G": {
      "file": "focus-visible-MHT2QU3G.js"
    },
    "md.transition-30ce8d1b-H45TSP5I": {
      "file": "md__transition-30ce8d1b-H45TSP5I.js"
    },
    "dom-3FHNNQ6P": {
      "file": "dom-3FHNNQ6P.js"
    },
    "core-js-UR6QH4NU": {
      "file": "core-js-UR6QH4NU.js"
    },
    "swipe-back-6JXML4R6": {
      "file": "swipe-back-6JXML4R6.js"
    },
    "keyboard2-O4WO3TOF": {
      "file": "keyboard2-O4WO3TOF.js"
    },
    "index9-L3OZYA6O": {
      "file": "index9-L3OZYA6O.js"
    },
    "status-tap-MJXSN34E": {
      "file": "status-tap-MJXSN34E.js"
    },
    "input-shims-IREEVMF5": {
      "file": "input-shims-IREEVMF5.js"
    },
    "shadow-css-5HTOZYEJ": {
      "file": "shadow-css-5HTOZYEJ.js"
    },
    "ios.transition-OWR3XN3M": {
      "file": "ios__transition-OWR3XN3M.js"
    },
    "md.transition-AVR72PKD": {
      "file": "md__transition-AVR72PKD.js"
    },
    "index3-GMBSLB3R": {
      "file": "index3-GMBSLB3R.js"
    },
    "hardware-back-button-775XIBQO": {
      "file": "hardware-back-button-775XIBQO.js"
    },
    "ios.transition-4047cb68-MIVQQSAI": {
      "file": "ios__transition-4047cb68-MIVQQSAI.js"
    },
    "chunk-MAF32MWP": {
      "file": "chunk-MAF32MWP.js"
    },
    "chunk-LT5YSYIN": {
      "file": "chunk-LT5YSYIN.js"
    },
    "chunk-XY66R3SI": {
      "file": "chunk-XY66R3SI.js"
    },
    "chunk-7Q5HCUSL": {
      "file": "chunk-7Q5HCUSL.js"
    },
    "chunk-EUT5B6DW": {
      "file": "chunk-EUT5B6DW.js"
    },
    "chunk-KZTCFCZR": {
      "file": "chunk-KZTCFCZR.js"
    },
    "chunk-ZXOPHZFH": {
      "file": "chunk-ZXOPHZFH.js"
    },
    "chunk-3FX62BFJ": {
      "file": "chunk-3FX62BFJ.js"
    },
    "chunk-X2QGBCDO": {
      "file": "chunk-X2QGBCDO.js"
    },
    "chunk-L6XAGY4G": {
      "file": "chunk-L6XAGY4G.js"
    },
    "chunk-X54Z3TF3": {
      "file": "chunk-X54Z3TF3.js"
    },
    "chunk-YNKM2UBI": {
      "file": "chunk-YNKM2UBI.js"
    },
    "chunk-XH4S465K": {
      "file": "chunk-XH4S465K.js"
    },
    "chunk-L6BHBXTE": {
      "file": "chunk-L6BHBXTE.js"
    },
    "chunk-6HCD6MJG": {
      "file": "chunk-6HCD6MJG.js"
    },
    "chunk-3OA7FQWN": {
      "file": "chunk-3OA7FQWN.js"
    },
    "chunk-CJ5MJUPJ": {
      "file": "chunk-CJ5MJUPJ.js"
    },
    "chunk-ZWBDDU4U": {
      "file": "chunk-ZWBDDU4U.js"
    },
    "chunk-MYJYHAWN": {
      "file": "chunk-MYJYHAWN.js"
    },
    "chunk-A33SDWFU": {
      "file": "chunk-A33SDWFU.js"
    },
    "chunk-WETQC3IF": {
      "file": "chunk-WETQC3IF.js"
    },
    "chunk-MQUV5NVY": {
      "file": "chunk-MQUV5NVY.js"
    },
    "chunk-QO27BLBV": {
      "file": "chunk-QO27BLBV.js"
    },
    "chunk-HIEHLAIS": {
      "file": "chunk-HIEHLAIS.js"
    },
    "chunk-TUVVYP5H": {
      "file": "chunk-TUVVYP5H.js"
    },
    "chunk-3NT5T6AL": {
      "file": "chunk-3NT5T6AL.js"
    },
    "chunk-VLZ2KGMU": {
      "file": "chunk-VLZ2KGMU.js"
    },
    "chunk-G7POBVKU": {
      "file": "chunk-G7POBVKU.js"
    },
    "chunk-N25OJVE5": {
      "file": "chunk-N25OJVE5.js"
    },
    "chunk-6CFBTS4D": {
      "file": "chunk-6CFBTS4D.js"
    }
  }
}