{
  "hash": "6f118d9e",
  "configHash": "f8d9b4f6",
  "lockfileHash": "ddfd75e0",
  "browserHash": "36165813",
  "optimized": {
    "@angular/common": {
      "src": "../../../../../../node_modules/@angular/common/fesm2022/common.mjs",
      "file": "@angular_common.js",
      "fileHash": "9d69247a",
      "needsInterop": false
    },
    "@angular/common/http": {
      "src": "../../../../../../node_modules/@angular/common/fesm2022/http.mjs",
      "file": "@angular_common_http.js",
      "fileHash": "52abadcd",
      "needsInterop": false
    },
    "@angular/core": {
      "src": "../../../../../../node_modules/@angular/core/fesm2022/core.mjs",
      "file": "@angular_core.js",
      "fileHash": "59e04394",
      "needsInterop": false
    },
    "@angular/fire/app": {
      "src": "../../../../../../node_modules/@angular/fire/fesm2022/angular-fire-app.mjs",
      "file": "@angular_fire_app.js",
      "fileHash": "e7dc7afc",
      "needsInterop": false
    },
    "@angular/fire/auth": {
      "src": "../../../../../../node_modules/@angular/fire/fesm2022/angular-fire-auth.mjs",
      "file": "@angular_fire_auth.js",
      "fileHash": "310a1f46",
      "needsInterop": false
    },
    "@angular/fire/firestore": {
      "src": "../../../../../../node_modules/@angular/fire/fesm2022/angular-fire-firestore.mjs",
      "file": "@angular_fire_firestore.js",
      "fileHash": "70837831",
      "needsInterop": false
    },
    "@angular/forms": {
      "src": "../../../../../../node_modules/@angular/forms/fesm2022/forms.mjs",
      "file": "@angular_forms.js",
      "fileHash": "341a77c5",
      "needsInterop": false
    },
    "@angular/platform-browser": {
      "src": "../../../../../../node_modules/@angular/platform-browser/fesm2022/platform-browser.mjs",
      "file": "@angular_platform-browser.js",
      "fileHash": "c16c251f",
      "needsInterop": false
    },
    "@angular/router": {
      "src": "../../../../../../node_modules/@angular/router/fesm2022/router.mjs",
      "file": "@angular_router.js",
      "fileHash": "121b84ca",
      "needsInterop": false
    },
    "@ionic/angular": {
      "src": "../../../../../../node_modules/@ionic/angular/fesm2022/ionic-angular.mjs",
      "file": "@ionic_angular.js",
      "fileHash": "b5960225",
      "needsInterop": false
    },
    "@ionic/angular/standalone": {
      "src": "../../../../../../node_modules/@ionic/angular/fesm2022/ionic-angular-standalone.mjs",
      "file": "@ionic_angular_standalone.js",
      "fileHash": "c26f83ec",
      "needsInterop": false
    },
    "@ngx-translate/core": {
      "src": "../../../../../../node_modules/@ngx-translate/core/fesm2022/ngx-translate-core.mjs",
      "file": "@ngx-translate_core.js",
      "fileHash": "98a85827",
      "needsInterop": false
    },
    "@ngx-translate/http-loader": {
      "src": "../../../../../../node_modules/@ngx-translate/http-loader/fesm2022/ngx-translate-http-loader.mjs",
      "file": "@ngx-translate_http-loader.js",
      "fileHash": "ee4cdf58",
      "needsInterop": false
    },
    "ionicons": {
      "src": "../../../../../../node_modules/ionicons/dist/index.js",
      "file": "ionicons.js",
      "fileHash": "2586f3dc",
      "needsInterop": false
    },
    "ionicons/icons": {
      "src": "../../../../../../node_modules/ionicons/icons/index.mjs",
      "file": "ionicons_icons.js",
      "fileHash": "d944cd66",
      "needsInterop": false
    },
    "leaflet": {
      "src": "../../../../../../../node_modules/leaflet/dist/leaflet-src.js",
      "file": "leaflet.js",
      "fileHash": "b0079963",
      "needsInterop": true
    },
    "luxon": {
      "src": "../../../../../../../node_modules/luxon/src/luxon.js",
      "file": "luxon.js",
      "fileHash": "b4a75221",
      "needsInterop": false
    },
    "rxjs": {
      "src": "../../../../../../node_modules/rxjs/dist/esm5/index.js",
      "file": "rxjs.js",
      "fileHash": "42f1e2c8",
      "needsInterop": false
    }
  },
  "chunks": {
    "focus-visible-E23RAEMQ": {
      "file": "focus-visible-E23RAEMQ.js"
    },
    "md.transition-30ce8d1b-MESDNX2L": {
      "file": "md__transition-30ce8d1b-MESDNX2L.js"
    },
    "dom-3FHNNQ6P": {
      "file": "dom-3FHNNQ6P.js"
    },
    "core-js-UR6QH4NU": {
      "file": "core-js-UR6QH4NU.js"
    },
    "swipe-back-BISZKFTZ": {
      "file": "swipe-back-BISZKFTZ.js"
    },
    "keyboard2-PGZ7RCR4": {
      "file": "keyboard2-PGZ7RCR4.js"
    },
    "index9-M4H73U2J": {
      "file": "index9-M4H73U2J.js"
    },
    "status-tap-R5MS744T": {
      "file": "status-tap-R5MS744T.js"
    },
    "input-shims-ZUVIRWWL": {
      "file": "input-shims-ZUVIRWWL.js"
    },
    "shadow-css-LGDHFIMP": {
      "file": "shadow-css-LGDHFIMP.js"
    },
    "ios.transition-XSGPRPKS": {
      "file": "ios__transition-XSGPRPKS.js"
    },
    "md.transition-RCAXCIUX": {
      "file": "md__transition-RCAXCIUX.js"
    },
    "index3-XCIIBH7P": {
      "file": "index3-XCIIBH7P.js"
    },
    "hardware-back-button-AAPIESUF": {
      "file": "hardware-back-button-AAPIESUF.js"
    },
    "ios.transition-4047cb68-GAWA3435": {
      "file": "ios__transition-4047cb68-GAWA3435.js"
    },
    "chunk-MAF32MWP": {
      "file": "chunk-MAF32MWP.js"
    },
    "chunk-LT5YSYIN": {
      "file": "chunk-LT5YSYIN.js"
    },
    "chunk-XY66R3SI": {
      "file": "chunk-XY66R3SI.js"
    },
    "chunk-7Q5HCUSL": {
      "file": "chunk-7Q5HCUSL.js"
    },
    "chunk-EUT5B6DW": {
      "file": "chunk-EUT5B6DW.js"
    },
    "chunk-KZTCFCZR": {
      "file": "chunk-KZTCFCZR.js"
    },
    "chunk-ZXOPHZFH": {
      "file": "chunk-ZXOPHZFH.js"
    },
    "chunk-WREMYHBD": {
      "file": "chunk-WREMYHBD.js"
    },
    "chunk-G7CG72NZ": {
      "file": "chunk-G7CG72NZ.js"
    },
    "chunk-JDQYU26E": {
      "file": "chunk-JDQYU26E.js"
    },
    "chunk-VLM3F37G": {
      "file": "chunk-VLM3F37G.js"
    },
    "chunk-BHW4QPHU": {
      "file": "chunk-BHW4QPHU.js"
    },
    "chunk-I27SK2LN": {
      "file": "chunk-I27SK2LN.js"
    },
    "chunk-L6BHBXTE": {
      "file": "chunk-L6BHBXTE.js"
    },
    "chunk-6HCD6MJG": {
      "file": "chunk-6HCD6MJG.js"
    },
    "chunk-EFVEXMUT": {
      "file": "chunk-EFVEXMUT.js"
    },
    "chunk-CJ5MJUPJ": {
      "file": "chunk-CJ5MJUPJ.js"
    },
    "chunk-ZWBDDU4U": {
      "file": "chunk-ZWBDDU4U.js"
    },
    "chunk-ZO27IYDZ": {
      "file": "chunk-ZO27IYDZ.js"
    },
    "chunk-WNOTBHNP": {
      "file": "chunk-WNOTBHNP.js"
    },
    "chunk-6NXUTHPS": {
      "file": "chunk-6NXUTHPS.js"
    },
    "chunk-YWWU2YXX": {
      "file": "chunk-YWWU2YXX.js"
    },
    "chunk-Y6NFOZBG": {
      "file": "chunk-Y6NFOZBG.js"
    },
    "chunk-V423UJPD": {
      "file": "chunk-V423UJPD.js"
    },
    "chunk-PQVMPAUR": {
      "file": "chunk-PQVMPAUR.js"
    },
    "chunk-ZT3MZDHS": {
      "file": "chunk-ZT3MZDHS.js"
    },
    "chunk-UVCIIV24": {
      "file": "chunk-UVCIIV24.js"
    },
    "chunk-G7POBVKU": {
      "file": "chunk-G7POBVKU.js"
    },
    "chunk-N25OJVE5": {
      "file": "chunk-N25OJVE5.js"
    },
    "chunk-ADG6RUAB": {
      "file": "chunk-ADG6RUAB.js"
    }
  }
}