{
  "hash": "27fb40bd",
  "configHash": "79472d56",
  "lockfileHash": "b57e43ae",
  "browserHash": "2dbb4aaa",
  "optimized": {
    "@angular/common": {
      "src": "../../../../../../node_modules/@angular/common/fesm2022/common.mjs",
      "file": "@angular_common.js",
      "fileHash": "b06c51f8",
      "needsInterop": false
    },
    "@angular/common/http": {
      "src": "../../../../../../node_modules/@angular/common/fesm2022/http.mjs",
      "file": "@angular_common_http.js",
      "fileHash": "cf4a9ebf",
      "needsInterop": false
    },
    "@angular/core": {
      "src": "../../../../../../node_modules/@angular/core/fesm2022/core.mjs",
      "file": "@angular_core.js",
      "fileHash": "afe9aee5",
      "needsInterop": false
    },
    "@angular/fire/app": {
      "src": "../../../../../../node_modules/@angular/fire/fesm2022/angular-fire-app.mjs",
      "file": "@angular_fire_app.js",
      "fileHash": "5763c256",
      "needsInterop": false
    },
    "@angular/fire/auth": {
      "src": "../../../../../../node_modules/@angular/fire/fesm2022/angular-fire-auth.mjs",
      "file": "@angular_fire_auth.js",
      "fileHash": "e3030702",
      "needsInterop": false
    },
    "@angular/fire/firestore": {
      "src": "../../../../../../node_modules/@angular/fire/fesm2022/angular-fire-firestore.mjs",
      "file": "@angular_fire_firestore.js",
      "fileHash": "c540d23d",
      "needsInterop": false
    },
    "@angular/forms": {
      "src": "../../../../../../node_modules/@angular/forms/fesm2022/forms.mjs",
      "file": "@angular_forms.js",
      "fileHash": "2f08a1b4",
      "needsInterop": false
    },
    "@angular/platform-browser": {
      "src": "../../../../../../node_modules/@angular/platform-browser/fesm2022/platform-browser.mjs",
      "file": "@angular_platform-browser.js",
      "fileHash": "1fde947b",
      "needsInterop": false
    },
    "@angular/router": {
      "src": "../../../../../../node_modules/@angular/router/fesm2022/router.mjs",
      "file": "@angular_router.js",
      "fileHash": "eef2bdf1",
      "needsInterop": false
    },
    "@ionic/angular": {
      "src": "../../../../../../node_modules/@ionic/angular/fesm2022/ionic-angular.mjs",
      "file": "@ionic_angular.js",
      "fileHash": "51d669ba",
      "needsInterop": false
    },
    "@ionic/angular/standalone": {
      "src": "../../../../../../node_modules/@ionic/angular/fesm2022/ionic-angular-standalone.mjs",
      "file": "@ionic_angular_standalone.js",
      "fileHash": "0d1fe33a",
      "needsInterop": false
    },
    "@ionic/storage-angular": {
      "src": "../../../../../../node_modules/@ionic/storage-angular/fesm2020/ionic-storage-angular.mjs",
      "file": "@ionic_storage-angular.js",
      "fileHash": "e152c6df",
      "needsInterop": false
    },
    "@ngx-translate/core": {
      "src": "../../../../../../node_modules/@ngx-translate/core/fesm2022/ngx-translate-core.mjs",
      "file": "@ngx-translate_core.js",
      "fileHash": "c05ff0fd",
      "needsInterop": false
    },
    "@ngx-translate/http-loader": {
      "src": "../../../../../../node_modules/@ngx-translate/http-loader/fesm2022/ngx-translate-http-loader.mjs",
      "file": "@ngx-translate_http-loader.js",
      "fileHash": "795501d1",
      "needsInterop": false
    },
    "ionicons": {
      "src": "../../../../../../node_modules/ionicons/dist/index.js",
      "file": "ionicons.js",
      "fileHash": "a686f8e3",
      "needsInterop": false
    },
    "ionicons/icons": {
      "src": "../../../../../../node_modules/ionicons/icons/index.mjs",
      "file": "ionicons_icons.js",
      "fileHash": "0b902fec",
      "needsInterop": false
    },
    "leaflet": {
      "src": "../../../../../../node_modules/leaflet/dist/leaflet-src.js",
      "file": "leaflet.js",
      "fileHash": "eaf5cbff",
      "needsInterop": true
    },
    "luxon": {
      "src": "../../../../../../node_modules/luxon/src/luxon.js",
      "file": "luxon.js",
      "fileHash": "0895a81c",
      "needsInterop": false
    },
    "rxjs": {
      "src": "../../../../../../node_modules/rxjs/dist/esm5/index.js",
      "file": "rxjs.js",
      "fileHash": "ae7ee5fb",
      "needsInterop": false
    },
    "rxjs/operators": {
      "src": "../../../../../../node_modules/rxjs/dist/esm5/operators/index.js",
      "file": "rxjs_operators.js",
      "fileHash": "24b11f43",
      "needsInterop": false
    }
  },
  "chunks": {
    "status-tap-MJXSN34E": {
      "file": "status-tap-MJXSN34E.js"
    },
    "input-shims-W32J6NRU": {
      "file": "input-shims-W32J6NRU.js"
    },
    "focus-visible-MHT2QU3G": {
      "file": "focus-visible-MHT2QU3G.js"
    },
    "hardware-back-button-4546KTHZ": {
      "file": "hardware-back-button-4546KTHZ.js"
    },
    "ios.transition-4047cb68-MIVQQSAI": {
      "file": "ios__transition-4047cb68-MIVQQSAI.js"
    },
    "md.transition-30ce8d1b-H45TSP5I": {
      "file": "md__transition-30ce8d1b-H45TSP5I.js"
    },
    "dom-3FHNNQ6P": {
      "file": "dom-3FHNNQ6P.js"
    },
    "core-js-UR6QH4NU": {
      "file": "core-js-UR6QH4NU.js"
    },
    "swipe-back-4OM5V6IG": {
      "file": "swipe-back-4OM5V6IG.js"
    },
    "keyboard2-O4WO3TOF": {
      "file": "keyboard2-O4WO3TOF.js"
    },
    "index9-U72GXPD6": {
      "file": "index9-U72GXPD6.js"
    },
    "shadow-css-5HTOZYEJ": {
      "file": "shadow-css-5HTOZYEJ.js"
    },
    "ios.transition-SUZ2K2ZA": {
      "file": "ios__transition-SUZ2K2ZA.js"
    },
    "md.transition-S22YLQGO": {
      "file": "md__transition-S22YLQGO.js"
    },
    "index3-GMBSLB3R": {
      "file": "index3-GMBSLB3R.js"
    },
    "chunk-LT5YSYIN": {
      "file": "chunk-LT5YSYIN.js"
    },
    "chunk-MAF32MWP": {
      "file": "chunk-MAF32MWP.js"
    },
    "chunk-XY66R3SI": {
      "file": "chunk-XY66R3SI.js"
    },
    "chunk-3FX62BFJ": {
      "file": "chunk-3FX62BFJ.js"
    },
    "chunk-7Q5HCUSL": {
      "file": "chunk-7Q5HCUSL.js"
    },
    "chunk-EUT5B6DW": {
      "file": "chunk-EUT5B6DW.js"
    },
    "chunk-KZTCFCZR": {
      "file": "chunk-KZTCFCZR.js"
    },
    "chunk-ZXOPHZFH": {
      "file": "chunk-ZXOPHZFH.js"
    },
    "chunk-6SBVQDOC": {
      "file": "chunk-6SBVQDOC.js"
    },
    "chunk-ZQ22PWUW": {
      "file": "chunk-ZQ22PWUW.js"
    },
    "chunk-OCFU42XZ": {
      "file": "chunk-OCFU42XZ.js"
    },
    "chunk-3ON766N7": {
      "file": "chunk-3ON766N7.js"
    },
    "chunk-3RZAEADZ": {
      "file": "chunk-3RZAEADZ.js"
    },
    "chunk-XH4S465K": {
      "file": "chunk-XH4S465K.js"
    },
    "chunk-L6BHBXTE": {
      "file": "chunk-L6BHBXTE.js"
    },
    "chunk-ZWBDDU4U": {
      "file": "chunk-ZWBDDU4U.js"
    },
    "chunk-CJ5MJUPJ": {
      "file": "chunk-CJ5MJUPJ.js"
    },
    "chunk-6HCD6MJG": {
      "file": "chunk-6HCD6MJG.js"
    },
    "chunk-S3HVRVEN": {
      "file": "chunk-S3HVRVEN.js"
    },
    "chunk-HL52BZN4": {
      "file": "chunk-HL52BZN4.js"
    },
    "chunk-525VPQPG": {
      "file": "chunk-525VPQPG.js"
    },
    "chunk-VK4SHY3S": {
      "file": "chunk-VK4SHY3S.js"
    },
    "chunk-3CYAJIKQ": {
      "file": "chunk-3CYAJIKQ.js"
    },
    "chunk-NUNGQMJU": {
      "file": "chunk-NUNGQMJU.js"
    },
    "chunk-SRMW6BL4": {
      "file": "chunk-SRMW6BL4.js"
    },
    "chunk-AJB4M2KX": {
      "file": "chunk-AJB4M2KX.js"
    },
    "chunk-ENG2TJED": {
      "file": "chunk-ENG2TJED.js"
    },
    "chunk-5IBBOYVM": {
      "file": "chunk-5IBBOYVM.js"
    },
    "chunk-NLVAKCD6": {
      "file": "chunk-NLVAKCD6.js"
    },
    "chunk-KMQW6NC7": {
      "file": "chunk-KMQW6NC7.js"
    },
    "chunk-N25OJVE5": {
      "file": "chunk-N25OJVE5.js"
    },
    "chunk-6CFBTS4D": {
      "file": "chunk-6CFBTS4D.js"
    }
  }
}