{
  "name": "bob-backend",
  "version": "1.0.0",
  "description": "Backend pour l'application BoredOnBoard",
  "main": "index.js",
  "scripts": {
    "start": "node index.js",
    "dev": "nodemon index.js",
    "init-db": "node scripts/init-database.js",
    "test": "jest"
  },
  "dependencies": {
    "axios": "^1.6.7",
    "cors": "^2.8.5",
    "express": "^4.18.2",
    "firebase-admin": "^11.11.0",
    "sqlite3": "^5.1.7"
  },
  "devDependencies": {
    "jest": "^29.7.0",
    "nodemon": "^3.0.1"
  }
} 